id_country,Year,Score
1,2010,8.017
1,2011,8.052
1,2012,8.669
1,2013,8.661
1,2014,9.39
1,2015,9.233
1,2016,9.444
1,2017,9.441
1,2018,9.391
1,2019,9.603
1,2020,9.592
2,2010,0.458
2,2011,0.229
2,2012,0.119
2,2013,0.057
2,2014,0.19
2,2015,2.116
2,2016,1.103
2,2017,1.487
2,2018,1.008
2,2019,0.42
2,2020,0.677
3,2010,6.233
3,2011,5.951
3,2012,5.831
3,2013,5.087
3,2014,5.52
3,2015,4.75
3,2016,4.282
3,2017,3.97
3,2018,3.763
3,2019,3.409
3,2020,2.696
5,2010,1.198
5,2011,2.25
5,2012,1.696
5,2013,0.943
5,2014,0.41
5,2015,0.243
5,2016,0
5,2017,0.154
5,2018,4.473
5,2019,3.784
5,2020,3.429
7,2010,0.487
7,2011,2.04
7,2012,1.475
7,2013,1.347
7,2014,1.73
7,2015,1.674
7,2016,0.499
7,2017,0.807
7,2018,1.68
7,2019,1.68
7,2020,1.024
8,2010,0.831
8,2011,0.363
8,2012,0.188
8,2013,0.076
8,2014,0.27
8,2015,0.115
8,2016,0.288
8,2017,2.374
8,2018,1.692
8,2019,1.173
8,2020,0.53
9,2010,0.401
9,2011,0.733
9,2012,1.72
9,2013,0.162
9,2014,0.41
9,2015,3.114
9,2016,2.742
9,2017,3.091
9,2018,2.827
9,2019,2.645
9,2020,2.148
10,2010,2.198
10,2011,1.552
10,2012,1.408
10,2013,0.635
10,2014,0.24
10,2015,2.088
10,2016,0.182
10,2017,1.522
10,2018,1.852
10,2019,1.655
10,2020,1.016
11,2010,2.134
11,2011,1.496
11,2012,0.867
11,2013,0.339
11,2014,0.06
11,2015,1.381
11,2016,0.346
11,2017,1.153
11,2018,0.957
11,2019,0.698
11,2020,0.296
13,2010,0.382
13,2011,0.943
13,2012,0.616
13,2013,3.458
13,2014,4.41
13,2015,4.871
13,2016,4.206
13,2017,3.668
13,2018,3.883
13,2019,3.201
13,2020,2.402
14,2010,3.941
14,2011,3.923
14,2012,3.672
14,2013,3.729
14,2014,5.25
14,2015,5.921
14,2016,6.479
14,2017,6.181
14,2018,5.697
14,2019,5.208
14,2020,4.909
16,2010,1.793
16,2011,1.753
16,2012,4.256
16,2013,3.393
16,2014,2.85
16,2015,2.125
16,2016,1.357
16,2017,0.038
16,2018,0
16,2019,0
16,2020,0
17,2010,0.267
17,2011,0.134
17,2012,0.069
17,2013,1.149
17,2014,0.53
17,2015,1.977
17,2016,1.245
17,2017,4.656
17,2018,4.06
17,2019,3.636
17,2020,3.043
19,2010,0.115
19,2011,0.057
19,2012,0.03
19,2013,0
19,2014,0
19,2015,0
19,2016,0
19,2017,0
19,2018,0
19,2019,0
19,2020,0.663
20,2010,1.743
20,2011,1.091
20,2012,1.235
20,2013,0.516
20,2014,0.16
20,2015,0.305
20,2016,0.115
20,2017,0.038
20,2018,0.019
20,2019,0.01
20,2020,0
21,2010,1.601
21,2011,0.943
21,2012,0.415
21,2013,0.468
21,2014,0.24
21,2015,0.076
21,2016,0.038
21,2017,0.019
21,2018,0
21,2019,3.387
21,2020,2.795
22,2010,1.446
22,2011,1.67
22,2012,1.369
22,2013,0.565
22,2014,0.76
22,2015,1.516
22,2016,2.675
22,2017,2.029
22,2018,1.339
22,2019,1.388
22,2020,0.677
23,2010,0
23,2011,0
23,2012,0
23,2013,0
23,2014,0
23,2015,0
23,2016,0
23,2017,0
23,2018,0
23,2019,0
23,2020,0
24,2010,0.258
24,2011,0.129
24,2012,0
24,2013,0.663
24,2014,1.72
24,2015,2.207
24,2016,1.74
24,2017,1.572
24,2018,1.388
24,2019,2.53
24,2020,2.443
26,2010,0.076
26,2011,0.038
26,2012,0.741
26,2013,3.01
26,2014,2.58
26,2015,2.421
26,2016,1.631
26,2017,1.178
26,2018,0.315
26,2019,0.372
26,2020,0.172
27,2010,0
27,2011,0
27,2012,0
27,2013,0
27,2014,0.7
27,2015,0.305
27,2016,2.623
27,2017,4.52
27,2018,4.811
27,2019,5.418
27,2020,6.755
28,2010,3.515
28,2011,4.093
28,2012,4.899
28,2013,4.147
28,2014,3.97
28,2015,3.342
28,2016,5.417
28,2017,5.637
28,2018,5.316
28,2019,5.102
28,2020,4.702
29,2010,0.458
29,2011,0.229
29,2012,0.119
29,2013,0.057
29,2014,0.31
29,2015,0.153
29,2016,0.077
29,2017,0.038
29,2018,0.019
29,2019,0
29,2020,0
30,2010,1.066
30,2011,2.297
30,2012,2.627
30,2013,1.793
30,2014,1.45
30,2015,6.466
30,2016,7.002
30,2017,6.787
30,2018,6.615
30,2019,6.62
30,2020,6.627
31,2010,2.052
31,2011,1.743
31,2012,1.177
31,2013,1.066
31,2014,0.95
31,2015,2.297
31,2016,2.518
31,2017,2.958
31,2018,3.527
31,2019,3.591
31,2020,3.171
32,2010,4.03
32,2011,4.567
32,2012,4.844
32,2013,3.639
32,2014,5.19
32,2015,6.721
32,2016,6.518
32,2017,6.394
32,2018,6.719
32,2019,6.622
32,2020,6.241
33,2010,5.585
33,2011,4.931
33,2012,3.01
33,2013,3.328
33,2014,0.05
33,2015,2.142
33,2016,5.83
33,2017,5.269
33,2018,4.752
33,2019,4.762
33,2020,4.829
34,2010,2.282
34,2011,2.5
34,2012,2.636
34,2013,2.142
34,2014,2.59
34,2015,3.969
34,2016,2.699
34,2017,3.254
34,2018,3.454
34,2019,4.123
34,2020,4.031
35,2010,5.594
35,2011,5.028
35,2012,4.992
35,2013,4.592
35,2014,5.21
35,2015,6.294
35,2016,6.108
35,2017,5.543
35,2018,5.108
35,2019,4.465
35,2020,3.587
36,2010,6.009
36,2011,5.948
36,2012,6.055
36,2013,6.077
36,2014,6.24
36,2015,6.662
36,2016,5.954
36,2017,5.595
36,2018,5.611
36,2019,5.912
36,2020,6.1
38,2010,0
38,2011,0
38,2012,0
38,2013,0
38,2014,0
38,2015,0
38,2016,0
38,2017,0
38,2018,0
38,2019,0
38,2020,1.066
39,2010,0.32
39,2011,0.153
39,2012,0
39,2013,0.038
39,2014,0.23
39,2015,0.115
39,2016,0.058
39,2017,0.029
39,2018,0.014
39,2019,0
39,2020,0
40,2010,0
40,2011,0
40,2012,0
40,2013,0
40,2014,0
40,2015,0
40,2016,0
40,2017,0
40,2018,0
40,2019,0
40,2020,0
41,2010,0.191
41,2011,0.095
41,2012,0.049
41,2013,0.153
41,2014,2.3
41,2015,3.08
41,2016,2.04
41,2017,1.894
41,2018,1.206
41,2019,0.42
41,2020,0.115
42,2010,1.463
42,2011,0.775
42,2012,0.522
42,2013,0.248
42,2014,0.81
42,2015,2.484
42,2016,2.179
42,2017,1.889
42,2018,1.562
42,2019,0.866
42,2020,0.315
44,2010,7.08
44,2011,6.612
44,2012,6.182
44,2013,5.862
44,2014,5.9
44,2015,6.487
44,2016,6.633
44,2017,6.967
44,2018,7.055
44,2019,7.039
44,2020,7.178
45,2010,0.153
45,2011,0.305
45,2012,1.129
45,2013,0.076
45,2014,0.19
45,2015,0.091
45,2016,2.152
45,2017,1.512
45,2018,0.817
45,2019,0.957
45,2020,1.484
46,2010,0
46,2011,0
46,2012,0
46,2013,0
46,2014,0
46,2015,2.567
46,2016,1.78
46,2017,1.119
46,2018,0.705
46,2019,0.32
46,2020,0.038
48,2010,0
48,2011,0
48,2012,0
48,2013,0
48,2014,0.47
48,2015,2.581
48,2016,1.562
48,2017,0.892
48,2018,0.382
48,2019,0.177
48,2020,0
50,2010,0.901
50,2011,0.382
50,2013,0.072
50,2014,0
50,2015,0
50,2016,0
50,2017,0
50,2018,0
50,2019,0
50,2020,0
51,2010,0.831
51,2011,0.363
51,2012,0.679
51,2013,0.472
51,2014,1.18
51,2015,0.577
51,2016,0.793
51,2017,1.616
51,2018,1.471
51,2019,2.455
51,2020,2.606
52,2010,3.211
52,2011,2.39
52,2012,4.576
52,2013,4.601
52,2014,6.5
52,2015,6.813
52,2016,7.328
52,2017,7.17
52,2018,7.345
52,2019,6.794
52,2020,6.419
53,2010,0
53,2011,0
53,2012,0
53,2013,0
53,2014,0
53,2015,0
53,2016,0
53,2017,0
53,2018,0
53,2019,0
53,2020,0
54,2010,0.999
54,2011,0.42
54,2012,0.217
54,2013,0.105
54,2014,0.01
54,2015,0
54,2016,0
54,2017,0
54,2018,0
54,2019,0
54,2020,0
55,2010,2.309
55,2011,3.471
55,2012,3.917
55,2013,3.017
55,2014,2.45
55,2015,1.636
55,2016,0.534
55,2017,0
55,2018,0
55,2019,0
55,2020,0
56,2010,0
56,2011,0
56,2012,0.158
56,2013,0.305
56,2014,0.16
56,2015,0.076
56,2016,1.103
56,2017,0.461
56,2018,0.229
56,2019,0.115
56,2020,0.057
57,2010,4.422
57,2011,4.045
57,2012,3.732
57,2013,3.868
57,2014,3.7
57,2015,3.544
57,2016,3.454
57,2017,5.939
57,2018,5.631
57,2019,5.345
57,2020,5.307
60,2010,0.267
60,2011,0.134
60,2012,0.069
60,2013,0.033
60,2014,0
60,2015,0
60,2016,2.377
60,2017,2.341
60,2018,2.501
60,2019,2.026
60,2020,1.721
61,2010,3.186
61,2011,2.609
61,2012,1.731
61,2013,4.015
61,2014,2.67
61,2015,4.553
61,2016,5.603
61,2017,5.964
61,2018,5.475
61,2019,5.008
61,2020,4.614
64,2010,0
64,2011,0
64,2012,0
64,2013,0
64,2014,0
64,2015,0
64,2016,0
64,2017,0
64,2018,1.198
64,2019,0.551
64,2020,1.43
65,2010,0
65,2011,0
65,2012,0
65,2013,0
65,2014,0
65,2015,0
65,2016,0
65,2017,0
65,2018,0
65,2019,0
65,2020,0
66,2010,4.102
66,2011,3.749
66,2012,3.428
66,2013,2.829
66,2014,2.58
66,2015,2.373
66,2016,1.257
66,2017,2.114
66,2018,1.422
66,2019,1.335
66,2020,0.635
67,2010,1.847
67,2011,1.273
67,2012,1.743
67,2013,1.871
67,2014,1.02
67,2015,3.442
67,2016,4.308
67,2017,4.917
67,2018,4.601
67,2019,4.254
67,2020,3.965
68,2010,0
68,2011,0
68,2012,0
68,2013,0
68,2014,0
68,2015,1.381
68,2016,0.346
68,2017,0.326
68,2018,0.162
68,2019,1.559
68,2020,1.743
69,2010,5.019
69,2011,4.761
69,2012,4.597
69,2013,4.078
69,2014,4.73
69,2015,4.976
69,2016,4.218
69,2017,4.139
69,2018,4.291
69,2019,4.167
69,2020,4.182
72,2010,0.363
72,2011,0.181
72,2012,0
72,2013,1.517
72,2014,2.61
72,2015,2.009
72,2016,1.144
72,2017,0.506
72,2018,0.205
72,2019,1.331
72,2020,0.663
73,2010,0
73,2011,0
73,2012,0
73,2013,0
73,2014,1.12
73,2015,1.187
73,2016,1.403
73,2017,0.723
73,2018,0.324
73,2019,0.971
73,2020,0.41
74,2010,1.638
74,2011,0.803
74,2012,0.158
74,2013,0.775
74,2014,0.35
74,2015,0.153
74,2016,0.077
74,2017,0.038
74,2018,0
74,2019,0
74,2020,0
75,2010,2.285
75,2011,1.625
75,2012,0.976
75,2013,0.406
75,2014,0
75,2015,0
75,2016,0
75,2017,0.154
75,2018,0.076
75,2019,0.038
75,2020,0.477
76,2010,0.286
76,2011,0.143
76,2012,0.074
76,2013,0
76,2014,0
76,2015,0
76,2016,0
76,2017,2.4
76,2018,1.714
76,2019,2.18
76,2020,2.355
77,2010,2.504
77,2011,1.812
77,2012,1.225
77,2013,1.306
77,2014,2.38
77,2015,2.077
77,2016,1.144
77,2017,1.562
77,2018,1.714
77,2019,0.992
77,2020,2.023
79,2010,1.463
79,2011,0.775
79,2012,0.277
79,2013,0.172
79,2014,0.07
79,2015,1.187
79,2016,0.23
79,2017,0.835
79,2018,0.363
79,2019,0.181
79,2020,0.551
80,2010,0
80,2011,0
80,2012,0
80,2013,0.153
80,2014,0.08
80,2015,1.219
80,2016,0.25
80,2017,0.125
80,2018,0.057
80,2019,0.029
80,2020,0
81,2010,7.771
81,2011,7.796
81,2012,8.147
81,2013,7.475
81,2014,7.86
81,2015,7.747
81,2016,7.484
81,2017,7.534
81,2018,7.568
81,2019,7.518
81,2020,7.353
82,2010,4.055
82,2011,3.35
82,2012,4.505
82,2013,4.453
82,2014,4.67
82,2015,4.755
82,2016,4.429
82,2017,4.55
82,2018,4.543
82,2019,5.07
82,2020,4.629
84,2010,5.301
84,2011,5.777
84,2012,5.633
84,2013,4.689
84,2014,4.9
84,2015,4.222
84,2016,3.949
84,2017,3.714
84,2018,4.399
84,2019,4.717
84,2020,4.157
85,2010,9.221
85,2011,9.113
85,2012,9.556
85,2013,9.011
85,2014,10
85,2015,10
85,2016,9.96
85,2017,10
85,2018,9.746
85,2019,9.241
85,2020,8.682
86,2010,0.719
86,2011,1.149
86,2012,1.456
86,2013,2.769
86,2014,3.09
86,2015,3.663
86,2016,3.429
86,2017,3.141
86,2018,3.045
86,2019,2.692
86,2020,2.845
87,2010,5.006
87,2011,4.51
87,2012,5.155
87,2013,4.851
87,2014,4.66
87,2015,6.034
87,2016,5.248
87,2017,5.062
87,2018,4.578
87,2019,4.525
87,2020,4.522
88,2010,1.579
88,2011,2.306
88,2012,2.066
88,2013,2.655
88,2014,2.55
88,2015,3.364
88,2016,2.363
88,2017,2.75
88,2018,2.736
88,2019,3.109
88,2020,3.043
89,2010,1.989
89,2011,3.065
89,2012,3.99
89,2013,3.926
89,2014,3.76
89,2015,3.141
89,2016,2.177
89,2017,3.701
89,2018,3.276
89,2019,2.598
89,2020,1.945
90,2010,0
90,2011,0
90,2012,0
90,2013,0
90,2014,0
90,2015,0.229
90,2016,0.115
90,2017,0.058
90,2018,1.091
90,2019,0.472
90,2020,0.229
91,2010,0.458
91,2011,0.229
91,2012,0.059
91,2013,0.057
91,2014,0.01
91,2015,0
91,2016,2.447
91,2017,3.595
91,2018,2.926
91,2019,2.291
91,2020,2.014
92,2010,1.93
92,2011,1.198
92,2012,0.585
92,2013,1.93
92,2014,1.76
92,2015,1.751
92,2016,2.858
92,2017,3.788
92,2018,3.404
92,2019,3.091
92,2020,3.149
93,2010,0.663
93,2011,0.305
93,2012,2.804
93,2013,2.684
93,2014,2.37
93,2015,1.881
93,2016,0.934
93,2017,2.95
93,2018,2.228
93,2019,1.566
93,2020,0.901
94,2010,4.477
94,2011,4.647
94,2012,5.266
94,2013,5.764
94,2014,6.58
94,2015,6.66
94,2016,6.578
94,2017,6.169
94,2018,6.114
94,2019,5.756
94,2020,5.644
96,2010,0.095
96,2011,0
96,2012,0.158
96,2013,0.076
96,2014,0.04
96,2015,0.019
96,2016,4.449
96,2017,3.801
96,2018,3.126
96,2019,2.487
96,2020,1.795
97,2010,0.191
97,2011,0.537
97,2012,0.395
97,2013,0.191
97,2014,0.1
97,2015,1.722
97,2016,1.445
97,2017,1.989
97,2018,1.719
97,2019,1.467
97,2020,0.95
98,2010,0
98,2011,0
98,2012,0
98,2013,0.153
98,2014,0.08
98,2015,0.038
98,2016,0.695
98,2017,1.964
98,2018,1.675
98,2019,1.033
98,2020,0.439
99,2010,0
99,2011,0
99,2012,0
99,2013,0
99,2014,0
99,2015,0
99,2016,0
99,2017,0
99,2018,0.458
99,2019,0.229
99,2020,0.115
100,2010,5.193
100,2011,4.594
100,2012,4.483
100,2013,4.175
100,2014,6.4
100,2015,6.376
100,2016,6.068
100,2017,5.638
100,2018,5.154
100,2019,4.395
100,2020,3.661
101,2010,0.181
101,2011,0.091
101,2012,0.04
101,2013,0.019
101,2014,0.01
101,2015,0
101,2016,0.892
101,2017,0.384
101,2018,0.191
101,2019,0.095
101,2020,0.048
102,2010,0
102,2011,0
102,2012,0
102,2013,0.153
102,2014,0.08
102,2015,1.219
102,2016,0.25
102,2017,0.125
102,2018,0.21
102,2019,0.105
102,2020,0.191
103,2010,0.115
103,2011,0.057
103,2012,0.346
103,2013,4.461
103,2014,6.25
103,2015,7.29
103,2016,7.283
103,2017,7.256
103,2018,6.987
103,2019,6.766
103,2020,6.25
104,2010,0
104,2011,0
104,2012,0
104,2013,0
104,2014,0
104,2015,0
104,2016,0
104,2017,0
104,2018,0
104,2019,0.458
104,2020,0.229
107,2010,2.046
107,2011,1.372
107,2012,0.624
107,2013,2.109
107,2014,1.45
107,2015,2.252
107,2016,1.86
107,2017,1.186
107,2018,0.649
107,2019,0.301
107,2020,0.105
108,2010,1.198
108,2011,0.551
108,2012,0.435
108,2013,1.049
108,2014,1.26
108,2015,2.444
108,2016,1.671
108,2017,3.287
108,2018,2.613
108,2019,1.957
108,2020,1.19
109,2010,0
109,2011,0
109,2012,0
109,2013,0
109,2014,0
109,2015,0
109,2016,0
109,2017,0
109,2018,0.458
109,2019,0.663
109,2020,1.635
110,2010,0.775
110,2011,0.344
110,2012,0.415
110,2013,1.798
110,2014,3.04
110,2015,3.579
110,2016,2.691
110,2017,3.334
110,2018,2.7
110,2019,2.495
110,2020,2.09
112,2010,4.116
112,2011,3.522
112,2012,3.389
112,2013,4.592
112,2014,5.29
112,2015,5.871
112,2016,6.03
112,2017,5.88
112,2018,6.015
112,2019,6.653
112,2020,7.049
115,2010,2.227
115,2011,1.852
115,2012,2.181
115,2013,1.19
115,2014,0.56
115,2015,0.305
115,2016,0.067
115,2017,0
115,2018,0
115,2019,0
115,2020,0
116,2010,0
116,2011,0
116,2012,0
116,2013,0
116,2014,0
116,2015,0
116,2016,0
116,2017,0
116,2018,0
116,2019,0
116,2020,0
117,2010,2.558
117,2011,2.354
117,2012,2.008
117,2013,3.353
117,2014,4.66
117,2015,3.985
117,2016,3.723
117,2017,3.292
117,2018,3.533
117,2019,4.08
117,2020,4.316
118,2010,2.297
118,2011,1.635
118,2012,0.992
118,2013,0.565
118,2014,0.28
118,2015,0.038
118,2016,0.019
118,2017,0.47
118,2018,0.229
118,2019,0.115
118,2020,0.057
119,2010,0.038
119,2011,0.019
119,2012,0
119,2013,0
119,2014,0.7
119,2015,0.659
119,2016,0.154
119,2017,0.077
119,2018,0.038
119,2019,0.999
119,2020,0.42
120,2010,2.017
120,2011,1.331
120,2012,3.599
120,2013,2.656
120,2014,2.11
120,2015,1.446
120,2016,0.892
120,2017,0.077
120,2018,0.038
120,2019,1.215
120,2020,0.565
121,2010,0.915
121,2011,0.391
121,2012,0.203
121,2013,1.066
121,2014,4.01
121,2015,4.386
121,2016,3.536
121,2017,4.882
121,2018,4.579
121,2019,5.542
121,2020,6.4
122,2010,4.58
122,2011,4.501
122,2012,4.088
122,2013,4.022
122,2014,4.24
122,2015,4.08
122,2016,4.167
122,2017,4.956
122,2018,5.916
122,2019,5.512
122,2020,5.543
123,2010,0
123,2011,0
123,2012,0
123,2013,0
123,2014,0
123,2015,0
123,2016,0
123,2017,0
123,2018,0
123,2019,0
123,2020,0
124,2010,5.414
124,2011,5.043
124,2012,5.017
124,2013,4.672
124,2014,5.23
124,2015,4.791
124,2016,4.415
124,2017,4.387
124,2018,5.295
124,2019,5.093
124,2020,5.34
125,2010,2.642
125,2011,2.052
125,2012,2.037
125,2013,1.223
125,2014,0.58
125,2015,0.429
125,2016,0.864
125,2017,2.412
125,2018,1.96
125,2019,2.347
125,2020,2.689
128,2010,0.382
128,2011,0.191
128,2012,0.079
128,2013,0.048
128,2014,0
128,2015,1.187
128,2016,0.23
128,2017,0.611
128,2018,0.286
128,2019,0.143
128,2020,4.337
129,2010,0
129,2011,0
129,2012,0
129,2013,0
129,2014,0
129,2015,2.928
129,2016,2.093
129,2017,1.437
129,2018,0.747
129,2019,2.952
129,2020,2.355
130,2010,3.646
130,2011,3.09
130,2012,3.266
130,2013,1.896
130,2014,2.59
130,2015,3.485
130,2016,6.682
130,2017,6.316
130,2018,6.004
130,2019,5.596
130,2020,5.617
131,2010,6.225
131,2011,6.125
131,2012,7.242
131,2013,7.801
131,2014,8.58
131,2015,9.213
131,2016,9.314
131,2017,9.009
131,2018,8.66
131,2019,8.597
131,2020,8.314
132,2010,0
132,2011,0
132,2012,0
132,2013,0
132,2014,0
132,2015,0
132,2016,0
132,2017,0
132,2018,0
132,2019,0
132,2020,0
134,2010,0.057
134,2011,0.258
134,2012,5.031
134,2013,4.066
134,2014,3.57
134,2015,2.738
134,2016,2.077
134,2017,0
134,2018,0.153
134,2019,0.076
134,2020,1.297
135,2010,8.287
135,2011,8.437
135,2012,9.049
135,2013,8.668
135,2014,9.37
135,2015,9.065
135,2016,8.613
135,2017,8.4
135,2018,8.181
135,2019,7.889
135,2020,7.541
136,2010,0.663
136,2011,0.305
136,2012,0
136,2013,0.076
136,2014,0.04
136,2015,0
136,2016,0
136,2017,0.154
136,2018,0.076
136,2019,0.038
136,2020,0.019
137,2010,0.038
137,2011,0.019
137,2012,0.01
137,2013,0
137,2014,0
137,2015,0
137,2016,0
137,2017,0
137,2018,2.04
137,2019,1.364
137,2020,0.691
138,2010,0
138,2011,1.832
138,2012,2.174
138,2013,2.035
138,2014,3.63
138,2015,4.094
138,2016,3.84
138,2017,3.598
138,2018,3.443
138,2019,3.119
138,2020,2.414
140,2010,3.679
140,2011,3.024
140,2012,2.491
140,2013,2.642
140,2014,2.96
140,2015,3.316
140,2016,2.984
140,2017,2.544
140,2018,2.95
140,2019,2.84
140,2020,2.141
141,2010,6.501
141,2011,6.523
141,2012,6.801
141,2013,6.408
141,2014,7.29
141,2015,7.27
141,2016,7.098
141,2017,7.126
141,2018,7.181
141,2019,7.137
141,2020,7.099
142,2010,0
142,2011,0.775
142,2012,0
142,2013,0.172
142,2014,0
142,2015,0
142,2016,0
142,2017,0.384
142,2018,0.719
142,2019,0.477
142,2020,0.239
143,2010,0
143,2011,0
143,2012,1.129
143,2013,0.458
143,2014,0.23
143,2015,0.267
143,2016,0.058
143,2017,0
143,2018,0
143,2019,0
143,2020,0
144,2010,0.124
144,2011,0
144,2012,2.68
144,2013,0
144,2014,0
144,2015,0
144,2016,0.23
144,2017,0.115
144,2018,0.057
144,2019,0.029
144,2020,0.014
145,2010,0
145,2011,0
145,2012,0
145,2013,0
145,2014,1.59
145,2015,0.823
145,2016,0.365
145,2017,4.04
145,2018,3.368
145,2019,2.687
145,2020,2.043
147,2010,0.115
147,2011,0.057
147,2012,0
147,2013,0.014
147,2014,0
147,2015,0
147,2016,0
147,2017,0
147,2018,0
147,2019,0
147,2020,0
148,2010,6.13
148,2011,6.626
148,2012,7.068
148,2013,6.522
148,2014,6.76
148,2015,6.207
148,2016,5.43
148,2017,5.329
148,2018,5.23
148,2019,4.9
148,2020,4.542
149,2010,3.031
149,2011,3.635
149,2012,3.729
149,2013,3.729
149,2014,4
149,2015,3.334
149,2016,2.589
149,2017,1.929
149,2018,2.177
149,2019,2.948
149,2020,3.754
150,2010,2.708
150,2011,2.055
150,2012,2.708
150,2013,2.72
150,2014,2.71
150,2015,4.006
150,2016,5.404
150,2017,5.808
150,2018,5.479
150,2019,5.238
150,2020,5
151,2010,2.935
151,2011,2.712
151,2012,3.864
151,2013,3.362
151,2014,3.55
151,2015,3.467
151,2016,2.598
151,2017,1.795
151,2018,1.012
151,2019,1.186
151,2020,0.391
152,2010,2.11
152,2011,1.871
152,2012,1.168
152,2013,1.331
152,2014,0.58
152,2015,0.41
152,2016,0.086
152,2017,0.043
152,2018,0.229
152,2019,0.115
152,2020,0.057
155,2010,0
155,2011,0
155,2012,0
155,2013,0
155,2014,0
155,2015,0
155,2016,0
155,2017,0.667
155,2018,1.066
155,2019,0.458
155,2020,0.229
156,2010,0
156,2011,0
156,2012,0
156,2013,0
156,2014,0
156,2015,0
156,2016,0
156,2017,0
156,2018,0
156,2019,0
156,2020,0
157,2010,0
157,2011,0
157,2012,0
157,2013,0
157,2014,0
157,2015,0
157,2016,0
157,2017,0.23
157,2018,0.115
157,2019,0.057
157,2020,0.029
158,2010,0
158,2011,0
158,2012,0
158,2013,0
158,2014,0
158,2015,0
158,2016,0
158,2017,0
158,2018,0
158,2019,0
158,2020,0
160,2010,6.799
160,2011,6.657
160,2012,7.244
160,2013,6.938
160,2014,7.41
160,2015,7.6
160,2016,7.548
160,2017,7.654
160,2018,8.02
160,2019,7.8
160,2020,7.645
161,2010,0.286
161,2011,0.143
161,2012,0.054
161,2013,2.347
161,2014,3.04
161,2015,4.231
161,2016,3.531
161,2017,4.092
161,2018,4.263
161,2019,4.511
161,2020,4.358
162,2010,0.029
162,2011,0.014
162,2012,0
162,2013,0
162,2014,0
162,2015,0
162,2016,0.23
162,2017,0.611
162,2018,0.286
162,2019,0.296
162,2020,0.656
163,2013,4.097
163,2014,5.6
163,2015,6.712
163,2016,6.497
163,2017,6.821
163,2018,6.756
163,2019,6.316
163,2020,5.726
167,2010,4.236
167,2011,3.606
167,2012,3.086
167,2013,2.234
167,2014,1.84
167,2015,2.622
167,2016,1.203
167,2017,1.701
167,2018,4.024
167,2019,3.354
167,2020,2.81
168,2010,6.782
168,2011,6.121
168,2012,5.68
168,2013,4.538
168,2014,4.01
168,2015,4.077
168,2016,3.486
168,2017,2.905
168,2018,4.048
168,2019,3.569
168,2020,6.065
171,2010,5.889
171,2011,5.677
171,2012,6.304
171,2013,5.641
171,2014,5.77
171,2015,6.686
171,2016,6.6
171,2017,6.453
171,2018,6.178
171,2019,5.807
171,2020,5.401
174,2010,1.223
174,2011,2.032
174,2012,1.755
174,2013,1.68
174,2014,1.07
174,2015,3.083
174,2016,3.984
174,2017,3.756
174,2018,3.936
174,2019,3.45
174,2020,2.892
175,2010,0.172
175,2011,0.086
175,2012,1.173
175,2013,0.458
175,2014,1.34
175,2015,1.349
175,2016,0.288
175,2017,0.269
175,2018,0.134
175,2019,0.191
175,2020,0.286
176,2010,2.684
176,2011,2.04
176,2012,5.861
176,2013,7.105
176,2014,8.12
176,2015,8.108
176,2016,8.587
176,2017,8.621
176,2018,8.315
176,2019,8.006
176,2020,7.778
177,2010,0.115
177,2011,0.057
177,2012,0
177,2013,0.014
177,2014,0.31
177,2015,0.153
177,2016,0.077
177,2017,0.499
177,2018,0.943
177,2019,1.008
177,2020,0.607
178,2010,0.181
178,2011,2.546
178,2012,2.016
178,2013,2.542
178,2014,1.99
178,2015,1.869
178,2016,3.086
178,2017,2.427
178,2018,2.233
178,2019,3.947
178,2020,4.18
179,2010,0.153
179,2011,0.229
179,2012,0.119
179,2013,0.057
179,2014,3.71
179,2015,3.979
179,2016,3.832
179,2017,3.413
179,2018,3.368
179,2019,3.272
179,2020,3.112
180,2010,6.794
180,2011,6.745
180,2012,7.086
180,2013,6.776
180,2014,7.19
180,2015,7.279
180,2016,6.706
180,2017,6.609
180,2018,6.252
180,2019,6.029
180,2020,5.783
181,2010,0
181,2011,0
181,2013,0
181,2014,0
181,2015,0
181,2016,0
181,2017,0
181,2018,0
181,2019,0
181,2020,0
182,2010,0.086
182,2011,0
182,2012,0
182,2013,0
182,2014,1.54
182,2015,1.583
182,2016,0.499
182,2017,0.25
182,2018,0.124
182,2019,0.019
182,2020,0.162
183,2010,1.694
183,2011,1.049
183,2012,2.358
183,2013,3.061
183,2014,3.29
183,2015,3.697
183,2016,4.963
183,2017,4.619
183,2018,4.088
183,2019,3.938
183,2020,3.858
184,2010,4.946
184,2011,4.613
184,2012,5.238
184,2013,5.764
184,2014,5.98
184,2015,5.737
184,2016,6.738
184,2017,7.519
184,2018,7.036
184,2019,6.533
184,2020,6.11
185,2010,0
185,2011,0
185,2012,0
185,2013,0
185,2014,0
185,2015,0
185,2016,0
185,2017,0
185,2018,0
185,2019,0
185,2020,0
186,2010,3.343
186,2011,4.778
186,2012,4.492
186,2013,3.669
186,2014,2.93
186,2015,4.894
186,2016,4.327
186,2017,4.319
186,2018,3.926
186,2019,3.957
186,2020,3.278
187,2010,1.496
187,2011,2.186
187,2012,2.163
187,2013,2.985
187,2014,2.95
187,2015,7.2
187,2016,7.132
187,2017,6.557
187,2018,6.048
187,2019,5.547
187,2020,4.692
188,2010,0
188,2011,1.132
188,2012,0.079
188,2013,0.248
188,2014,0.29
188,2015,1.045
188,2016,0.422
188,2017,0.211
188,2018,0.105
188,2019,0.048
188,2020,0
189,2010,4.005
189,2011,4.114
189,2012,4.509
189,2013,4.289
189,2014,5.17
189,2015,5.613
189,2016,5.08
189,2017,5.102
189,2018,5.61
189,2019,5.405
189,2020,5.161
190,2010,3.904
190,2011,3.797
190,2012,3.566
190,2013,3.741
190,2014,4.71
190,2015,4.613
190,2016,4.877
190,2017,5.429
190,2018,6.066
190,2019,5.691
190,2020,5.26
191,2010,0.029
191,2011,0
191,2012,0
191,2013,0
191,2014,0
191,2015,0
191,2016,0
191,2017,0.779
191,2018,0.344
191,2019,0.172
191,2020,0.086
192,2010,1.871
192,2011,1.198
192,2012,0.585
192,2013,0.267
192,2014,0.14
192,2015,0
192,2016,0.154
192,2017,0.077
192,2018,0.038
192,2019,0.019
192,2020,0.01
195,2010,2.898
195,2011,2.221
195,2012,1.62
195,2013,1.19
195,2014,0.54
195,2015,2.139
195,2016,1.998
195,2017,3.632
195,2018,3.665
195,2019,4.101
195,2020,3.658
196,2010,0
196,2011,0
196,2012,0
196,2013,0
196,2014,0
196,2015,0
196,2016,0
196,2017,0
196,2018,0.663
196,2019,0.999
196,2020,0.42
198,2010,4.739
198,2011,4.233
198,2013,4.069
198,2016,5.659
198,2017,5.551
198,2018,5.33
198,2019,5.177
198,2020,5.077
201,2010,5.079
201,2011,6.322
201,2012,7.305
201,2013,6.834
201,2014,7.31
201,2015,7.642
201,2016,8.076
201,2017,7.877
201,2018,7.534
201,2019,7.259
201,2020,7.581
204,2010,0
204,2011,0
204,2012,0
204,2013,0
204,2014,0
204,2015,0
204,2016,0
204,2017,0
204,2018,0.663
204,2019,0.305
204,2020,0.153
205,2010,2.084
205,2011,1.81
205,2012,1.36
205,2013,0.607
205,2014,1.16
205,2015,1.71
205,2016,0.413
205,2017,0.202
205,2018,1.569
205,2019,2.834
205,2020,2.443
206,2010,0.248
206,2011,0.124
206,2012,0.059
206,2013,0.029
206,2014,0
206,2015,0
206,2016,0
206,2017,0
206,2018,0
206,2019,0
206,2020,0
207,2010,0
207,2011,0
207,2012,0
207,2013,0
207,2014,0
207,2015,0
207,2016,0
207,2017,0
207,2018,0
207,2019,0
207,2020,0
208,2010,0
208,2011,0
208,2012,0
208,2013,0
208,2014,0
208,2015,0
208,2016,0
208,2017,0
208,2018,0
208,2019,0
208,2020,0